{
    "x_intercept": -162483.29596248636,
    "Beta_Coefficients": [
        8.697525452235445e-09,
        3.601717567293442e-11,
        -4.4121319030731617e-10,
        8.273431252639176e-10,
        -7.500732211445332e-12,
        2.0442939426029814e-09,
        2.411283890242592e-10,
        4.949511014427239e-11,
        -2.340240945780139e-11,
        7.38209226815996e-10,
        -1.2252878242171311e-10,
        3.7372505813374986e-08,
        1.7143014842630096e-09,
        -1.421241362365909e-08,
        1.0275504371887272e-06,
        2.3101848808107187e-09,
        2.397708732011122e-07,
        2.4020835182284932e-08,
        -1.753535880951847e-08,
        9.227070417017433e-09,
        9.45536720472942e-09,
        3.4360987189056245e-07,
        1.30290087831527e-08,
        -1.1705575215829086e-07,
        1.4234089812248055e-05,
        2.4249102464824266e-10,
        1.1375186187538442e-06,
        -1.1782247236021925e-05,
        -1.1067129840312709e-07,
        -1.9960011595549307e-08,
        1.5450694901557479e-06,
        0.00016031208097318914,
        -1.0692847885962453e-06,
        1.5132444673157186e-07,
        -3.3888820448810065e-06,
        -3.7793736086682876e-06,
        2.557378166702147e-06,
        2.5204378815985005e-07,
        1.0603409665195684e-05,
        -1.0543323075611786e-07,
        -2.410903088365198e-07,
        1.6928349758480539e-06,
        -2.7282912475708306e-07,
        -1.2697439368253214e-08,
        -4.5515299550908677e-07,
        -1.0996359670384851e-05,
        -1.3535461535549022e-08,
        1.39456536699903e-08,
        1.0131876562904356e-10,
        -4.906635301958717e-07,
        -3.1204644787119674e-05,
        9.344735621312288e-08,
        -1.5830410580177237e-07,
        1.0573898142301561e-09,
        -1.2082442155749987e-10,
        1.2362966414322734e-07,
        6.748967742107101e-08,
        -4.410140732011223e-09,
        1.339101849109194e-06,
        -1.0478718163546214e-08,
        -1.1421709547441508e-09,
        -2.8945133009373893e-06,
        -4.718092159828466e-09,
        -5.0817031620881454e-09,
        5.101087446416696e-11,
        7.788817289983101e-07,
        4.196766144024462e-08,
        -1.0530336637731242e-09,
        1.3520649800860787e-10,
        2.8002205433995308e-12,
        3.483538863996313e-05,
        -4.847060482224602e-07,
        8.44468881939098e-09,
        -5.712230150694711e-12,
        -3.996122026662884e-12,
        -2.3162000789854105e-14,
        3.19289334617551e-05,
        2.1373109921572617e-07,
        1.215047722024545e-08,
        -7.040617879476219e-11,
        3.930032787780794e-11,
        -2.61685673350575e-13,
        2.512291803375011e-14
    ],
    "polynomial_degree": 6
}