{
    "x_intercept": -157991.64558956292,
    "Beta_Coefficients": [
        7.408727829017587e-09,
        -2.0124928918898472e-11,
        3.898217906731598e-09,
        -2.031108363667919e-10,
        -2.7164454300237907e-11,
        -1.3296067551678162e-09,
        1.6234373768158924e-10,
        8.883945129731975e-12,
        -3.0876457521618297e-12,
        -6.662075268176833e-10,
        -4.767462675315625e-10,
        -1.6534605884417453e-08,
        1.1583097474609522e-09,
        -2.4954202212690917e-08,
        -6.661626622317704e-07,
        1.5508606784977398e-09,
        1.630398077321639e-07,
        3.86722122448799e-09,
        -2.2374209514804897e-09,
        -7.623371195150079e-09,
        3.5593761664940846e-09,
        -3.4770956415733366e-07,
        5.273873430222439e-09,
        -2.9813331173539255e-07,
        -4.049403262054804e-06,
        6.166729888932006e-09,
        7.802176512064731e-07,
        -1.5374597945452614e-05,
        1.5544630678407476e-07,
        -4.0904678003711286e-08,
        1.0375993525574491e-06,
        0.00010906188053482242,
        -7.978140590316011e-07,
        1.465743312468243e-07,
        -1.4170721790669674e-06,
        2.2923630149508825e-07,
        2.3004431690599918e-06,
        -4.911434403558383e-08,
        9.127847647133798e-06,
        -9.584526794053436e-08,
        -7.027759038281925e-08,
        -2.12377971494407e-06,
        -1.9810772883427825e-07,
        5.303484690068623e-09,
        -3.464478810353602e-07,
        -1.6986850151630537e-06,
        -1.4892092993802755e-08,
        1.6711991290503784e-08,
        -1.6028649647695525e-10,
        -7.739401655926909e-07,
        -4.846832022355004e-05,
        2.3547235582063633e-07,
        -1.0780981663509226e-07,
        7.899546669627434e-10,
        -1.1693667519318595e-10,
        5.355771736957153e-08,
        2.464245926623708e-07,
        -2.8554447158489882e-09,
        5.364523058361147e-07,
        -1.5913413280828673e-08,
        -1.0429020416520577e-09,
        -3.211008437922491e-06,
        1.4362698891010286e-08,
        -4.3041990305617335e-09,
        4.63854930263096e-11,
        -3.996980285079918e-06,
        1.3794119139640296e-07,
        1.949545977011243e-10,
        9.851206157231109e-11,
        -1.6279315377608175e-12,
        2.535001870835661e-05,
        -2.4471661817510405e-07,
        1.291007029034298e-09,
        6.824801410131251e-12,
        -4.500795201189451e-12,
        4.132589238657496e-14,
        6.0282179926308603e-05,
        -2.714686278782407e-07,
        2.351046526750192e-08,
        -1.4444260684652427e-10,
        2.6846013841488054e-11,
        -1.957771170596487e-13,
        2.429444943310283e-14
    ],
    "polynomial_degree": 6
}