{
    "x_intercept": -313.55103750021794,
    "Beta_Coefficients": [
        -1.4558199053622825e-09,
        7.051183614405172e-15,
        -1.2540434411474352e-15,
        1.588974372730925e-12,
        2.435273473198956e-13,
        5.3903332080843224e-11,
        -5.43843187607e-13,
        7.705486272229725e-12,
        1.711599569425355e-12,
        1.0454152607306774e-08,
        4.592233898254446e-09,
        1.0866031593665914e-09,
        6.437950908093433e-11,
        1.0558610299226284e-10,
        4.618868659093557e-08,
        4.6093831623954576e-11,
        -8.000756688198502e-10,
        5.2278430109094255e-09,
        1.6111540077502752e-09,
        3.287909904973886e-07,
        1.427677713044912e-07,
        1.0471792318820286e-05,
        3.146081204642267e-08,
        4.603172423555449e-06,
        -2.7426339192202537e-07,
        2.038740583624831e-09,
        6.213717484657319e-08,
        -1.7838166498911705e-07,
        2.2673205266783095e-09,
        5.455689465646069e-09,
        4.586766259596419e-08,
        -8.7642393413446e-07,
        8.078326600111004e-09,
        8.708394152572847e-11,
        -6.260721361476507e-07,
        -4.230817308358189e-06,
        4.6154551061952074e-08,
        2.624369236554577e-06,
        1.1326723776525552e-07,
        -6.224688903029511e-09,
        1.407435829137161e-05,
        -1.0653875199818964e-07,
        -3.2902653983079163e-09,
        1.454066782271829e-10,
        1.9133358201269782e-07,
        1.4716344064346866e-06,
        -1.6665570069020662e-08,
        1.399127870755266e-10,
        -1.1928656974193563e-12,
        1.9721364414871954e-07,
        1.2221114594138214e-05,
        -1.8880648980307906e-07,
        1.3045251666467771e-09,
        -5.118924597899767e-12,
        -3.2387555819685714e-14
    ],
    "polynomial_degree": 5
}