{
    "x_intercept": 1090.5744303457948,
    "Beta_Coefficients": [
        -2.4626851486442564e-09,
        2.863420088763732e-14,
        1.3324864758725979e-14,
        2.6715787458821114e-12,
        3.4938136887950633e-13,
        1.1631209450530228e-10,
        -7.252658857876455e-13,
        2.8881106767995097e-11,
        5.899076549489441e-11,
        3.523741663541338e-08,
        8.668955210079964e-09,
        1.4115728390953148e-09,
        2.5079395560347423e-11,
        5.312616113031424e-11,
        7.792283757366812e-08,
        1.9370517841388178e-12,
        -1.0319622704042835e-09,
        1.9375411393941202e-08,
        5.9218315287271647e-08,
        1.1135864323147758e-06,
        3.1819120682400943e-07,
        3.532505558661113e-05,
        5.7827210692124094e-08,
        8.690969758911177e-06,
        -7.511359108194594e-07,
        8.166466493385142e-10,
        2.3390079321392856e-08,
        -3.626795118224417e-07,
        4.55568496627136e-09,
        6.044123416609443e-09,
        1.7787097388437405e-09,
        -1.097679989459498e-06,
        9.688184917461953e-09,
        -4.000951126871989e-10,
        6.825829164677511e-08,
        -5.237255239976889e-06,
        5.327202546008829e-09,
        1.970312425019809e-05,
        -7.595717327601511e-09,
        -1.7546713426197303e-08,
        2.6301635103185802e-05,
        -7.246278581119717e-07,
        -1.0274831876488042e-09,
        3.6894305979456396e-10,
        2.496264459190268e-07,
        1.0554712251009748e-06,
        -8.543770438311403e-09,
        1.90190980637128e-10,
        -2.2626432805213066e-12,
        1.9263878536676248e-07,
        1.209644474142458e-05,
        -1.866747210968073e-07,
        1.4288009960899354e-09,
        -6.0779463418259194e-12,
        1.528816381129323e-13
    ],
    "polynomial_degree": 5
}