{
    "x_intercept": -113303.46847899973,
    "Beta_Coefficients": [
        1.0166848737452706e-11,
        7.936406229135571e-16,
        -3.537168267293966e-14,
        -3.3059870510632126e-15,
        -1.0437678489592362e-17,
        1.0862493099431305e-16,
        -3.46896654850204e-17,
        -4.445920069033383e-18,
        -4.1833871352004223e-19,
        9.106399736610121e-18,
        1.5753068573912154e-17,
        2.6451478922194232e-18,
        -1.1349202087338758e-18,
        3.0664825318353076e-18,
        -5.595368522482159e-18,
        1.7273536200878296e-20,
        -6.40994523606874e-20,
        -4.9635064884706135e-20,
        3.014456045905029e-21,
        2.125742074533269e-20,
        -1.6803016725421072e-20,
        -1.7942431739838256e-18,
        2.4929090658571747e-20,
        4.049980468475048e-19,
        -8.911740603068516e-17,
        6.60667140854283e-20,
        -3.283445531229679e-19,
        2.3540541890981124e-19,
        -4.653184916798675e-15,
        -4.933759009362652e-20,
        -5.803578383093459e-19,
        -5.826010240818671e-17,
        -7.651738019700419e-17,
        3.02982569893055e-17,
        -9.190053026801902e-19,
        -9.86486652076095e-19,
        -3.6577082283477295e-17,
        1.4770220177155292e-19,
        5.361534401336465e-18,
        -1.487878561649243e-15,
        -4.449192069076876e-19,
        -4.8309847766767545e-18,
        3.335704694609874e-16,
        -5.318873931023163e-14,
        -7.666448723774142e-19,
        -2.306430238926353e-17,
        -3.1141844600378993e-16,
        7.63169268348142e-15,
        -2.3348478338641186e-12,
        -1.1366351793179397e-18,
        -7.213022479027545e-17,
        -5.803334096048955e-16,
        -5.821426474411699e-14,
        -3.82464643619598e-14,
        1.9083969839181917e-14,
        -1.635812985711824e-17,
        -5.643293323129269e-17,
        -6.157178623809832e-16,
        -7.2369939118393095e-19,
        -1.3471917123735722e-15,
        -1.9411536751274732e-14,
        -8.117139953746825e-18,
        1.9683367524196108e-16,
        4.5070641294024785e-15,
        -6.571629703031539e-13,
        -1.4539607996208277e-17,
        -5.810531764592333e-16,
        -5.5053771843929866e-15,
        2.996538612825629e-13,
        -1.126725601504007e-11,
        -1.7087794258467683e-17,
        -1.0083653035546312e-15,
        -2.8551591675802464e-14,
        -1.8766649191623786e-13,
        1.0063987425140192e-11,
        1.4080317756035013e-13,
        -3.5405710193262535e-17,
        -1.5013403291391285e-15,
        -9.362123239941775e-14,
        -3.8674100535319107e-13,
        -3.877827022039241e-11,
        2.0437807092191555e-13,
        4.8186695115670034e-14,
        3.393527700878414e-15,
        3.538658190593506e-15,
        -6.222338623238118e-15,
        -2.3736693211999304e-16,
        -5.720677585788048e-14,
        -1.304092276403533e-13,
        5.400756184796069e-17,
        -9.24081502698225e-16,
        -1.4086502080352314e-12,
        8.300306360147526e-13,
        -2.3975610476983e-16,
        -8.374707958514892e-15,
        1.879449842465196e-13,
        -2.882024749665737e-13,
        -2.0516121150042305e-14,
        -3.1516172946732154e-16,
        -1.5089016469439313e-14,
        -5.717311129560407e-13,
        -5.1950243173355535e-12,
        1.626057495807828e-14,
        1.1421068642722607e-14,
        -5.416484263453319e-16,
        -2.0392116684106715e-14,
        -9.953415962033597e-13,
        -2.652768620504498e-11,
        2.867745411398819e-13,
        -1.0613741713317826e-14,
        -1.3930722054152224e-16,
        -1.0346130068141177e-15,
        -5.5203047318017045e-14,
        -1.4867767220157634e-12,
        -9.106058071482748e-11,
        1.1607470161125285e-12,
        3.3767733656782475e-14,
        -1.9670193641960087e-16,
        -4.111942293365207e-17,
        4.480672312842116e-13,
        6.12611273952005e-13,
        7.1286943118165485e-12,
        5.5632442472771315e-14,
        1.0146853515643174e-11,
        -2.631858836414208e-13,
        1.3664483567476878e-14,
        -1.6622596283008485e-13,
        -5.205050214842795e-13,
        2.5611137772349704e-15,
        2.8560152660806565e-15,
        3.9568324966687133e-13,
        -4.492719602539361e-14,
        1.0681441886046219e-14,
        -3.98596722658987e-16,
        -5.512078793415774e-15,
        -9.457372027491287e-14,
        -1.0923739569883108e-12,
        1.4089680308343432e-14,
        1.2799874633761441e-17,
        1.0027922543576443e-17,
        -1.0517842314736503e-14,
        -2.864423806746744e-13,
        -2.4301542691983064e-12,
        4.4706526391811536e-14,
        2.263637494935154e-15,
        -6.914959080212693e-18,
        -2.8918303280699937e-18,
        -1.578588138514804e-14,
        -8.170090133848364e-13,
        -1.3480965126973301e-11,
        3.317353843139116e-13,
        1.0675938442985349e-14,
        -1.3506628949110965e-16,
        2.7794878677457523e-18,
        3.4744027801466265e-20,
        -2.4622555759143276e-14,
        -1.8062720678995092e-12,
        -7.946442437493481e-11,
        2.044410467749607e-12,
        2.649413240981467e-14,
        -5.029417117034144e-16,
        -7.323039736419908e-18,
        4.736505528786079e-20,
        8.953386403127624e-21
    ],
    "polynomial_degree": 6
}