{
    "x_intercept": 52263.53532733637,
    "Beta_Coefficients": [
        -2.867567987454183e-08,
        1.9254189275155782e-14,
        -3.929353350415833e-14,
        -1.77906288655393e-13,
        2.2722937373108235e-15,
        9.027112482228285e-16,
        -4.467457997885539e-17,
        9.724522861052281e-18,
        3.1857718146541307e-19,
        -4.833302265647471e-16,
        1.5675497461778603e-15,
        -2.045679433021715e-14,
        2.6695875602966556e-16,
        8.424410453065026e-14,
        9.2053277172144e-13,
        -3.1742620255336763e-16,
        -3.1280400440765565e-14,
        -4.340845035087122e-16,
        -4.845347185280743e-15,
        -3.489770479990177e-15,
        1.572101132857981e-14,
        -4.7129882957212e-13,
        7.270044441567071e-17,
        1.1596862221245794e-12,
        -2.7669783659387068e-11,
        -2.3669077334497065e-14,
        2.748970006050639e-13,
        8.311870654001619e-11,
        4.620187266939106e-10,
        -1.3901597236391155e-13,
        -3.168846425095193e-13,
        -3.138578494410119e-11,
        -4.3085562864439374e-13,
        -3.252726481182124e-12,
        -1.345014539462286e-13,
        5.497377756295715e-14,
        -2.5186847425999294e-12,
        -1.95112352087414e-13,
        1.0649041722572206e-11,
        -3.8307937111039213e-10,
        -6.220533360582462e-13,
        -3.300116341891181e-12,
        7.611649026644576e-10,
        -2.3359657213630847e-08,
        -1.8846768518565247e-12,
        -3.1926060140655485e-11,
        1.8040776181969423e-10,
        5.467310636937125e-08,
        1.2337802197730123e-10,
        -2.9768101339044315e-12,
        -1.8442415445838185e-10,
        -2.1087957509527784e-10,
        -2.0994383992556694e-08,
        -2.7685533418729155e-10,
        -3.245866401798998e-11,
        -5.5890707370859256e-12,
        -3.986057690152967e-12,
        -1.1166126442199396e-10,
        -5.794349862805002e-12,
        -7.996837189560902e-11,
        1.5043964650462923e-09,
        -1.2470885553338476e-11,
        -2.4217120397885075e-10,
        6.771900639200447e-10,
        -3.851637655045848e-11,
        -2.7099950274379272e-11,
        -6.347853078219111e-10,
        -6.602914249138225e-09,
        4.555452476316858e-11,
        2.3463818003583178e-11,
        -3.851105716248552e-11,
        -1.888974309394793e-09,
        -3.2261496194413854e-08,
        4.5520689455797024e-10,
        -5.651761590065859e-11,
        -1.2129409717279603e-13,
        -1.1370619356763426e-10,
        -2.9757016323564097e-09,
        -1.8348647479679633e-07,
        2.208708637320423e-09,
        1.1384576249257026e-11,
        2.953326048387615e-13,
        2.6739149640057268e-14,
        5.580232148757233e-09,
        -1.8803141496274375e-08,
        5.67009545379424e-11,
        -5.425838429076005e-10,
        5.63129241883777e-10,
        -9.985441711895792e-12,
        -4.2031762926641207e-10,
        -1.3742211968009848e-10,
        -3.864144089343256e-12,
        -5.270817534381762e-13,
        -1.3720233638620407e-10,
        -2.7378996085703092e-09,
        3.6237097196389415e-11,
        -4.686826530561213e-13,
        1.7286205614288527e-14,
        -5.405663031420903e-10,
        -7.898110776132037e-09,
        1.940250152935078e-10,
        1.7948610101392426e-12,
        -1.852822840764886e-14,
        -5.885513420293222e-15,
        -1.7011547157839843e-09,
        -2.1934878320002174e-08,
        4.72457301231362e-10,
        1.2006913581859426e-11,
        -2.0968210184315889e-13,
        1.4551814217234257e-14,
        2.975528009264459e-17,
        -3.771123309235446e-09,
        -1.6588230570015473e-07,
        4.193819720814629e-09,
        5.4144985065986817e-11,
        -9.5969592407574e-13,
        -6.777704339187193e-16,
        -7.825840635768494e-17,
        -5.662554613572256e-18
    ],
    "polynomial_degree": 7
}